<?xml version="1.0" encoding="UTF-8"?>
<!-- Copyright (c) 2022 Huawei Device Co., Ltd.

     Licensed under the Apache License, Version 2.0 (the "License");
     you may not use this file except in compliance with the License.
     You may obtain a copy of the License at

          http://www.apache.org/licenses/LICENSE-2.0

     Unless required by applicable law or agreed to in writing, software
     distributed under the License is distributed on an "AS IS" BASIS,
     WITHOUT WARRANTIES OR CONDITIONS OF ANY KIND, either express or implied.
     See the License for the specific language governing permissions and
     limitations under the License.

    This is the configuration file template for OpenHarmony OSS Audit Tool, please copy it to your project root dir and modify it refer to OpenHarmony/tools_oat/README.
    All configurations in this file will be merged to OAT-Default.xml, if you have any questions or concerns, please create issue in OpenHarmony/tools_oat and @jalenchen or chenyaxun.

    licensefile:
    1.If the project don't have "LICENSE" in root dir, please define all the license files in this project in , OAT will check license files according to this rule.

    policylist:
    1. policy: If the OAT-Default.xml policies do not meet your requirements, please add policies here.
    2. policyitem: The fields type, name, path, desc is required, and the fields rule, group, filefilter is optional,the default value is:
    <policyitem type="" name="" path="" desc="" rule="may" group="defaultGroup" filefilter="defaultPolicyFilter"/>
    3. policyitem type:
        "compatibility" is used to check license compatibility in the specified path;
        "license" is used to check source license header in the specified path;
        "copyright" is used to check source copyright header in the specified path;
        "import" is used to check source dependency in the specified path, such as import ... ,include ...
        "filetype" is used to check file type in the specified path, supported file types: archive, binary
        "filename" is used to check whether the specified file exists in the specified path(projectroot means the root dir of the project), supported file names: LICENSE, README, README.OpenSource
    4. policyitem name: This field is used for define the license, copyright, "*" means match all, the "!" prefix means could not match this value. For example, "!GPL" means can not use GPL license.
    5. policyitem path: This field is used for define the source file scope to apply this policyitem, the "!" prefix means exclude the files. For example, "!.*/lib/.*" means files in lib dir will be exclude while process this policyitem.
    6. policyitem rule and group: These two fields are used together to merge policy results. "may" policyitems in the same group means any one in this group passed, the result will be passed.
    7. policyitem filefilter: Used to bind filefilter which define filter rules.
    7. policyitem desc: Used to describe the reason of this policy item, committers will check this while merging the code.
    8. filefilter: Filter rules, the type filename is used to filter file name, the type filepath is used to filter file path.

    Note:If the text contains special characters, please escape them according to the following rules:
    " == &quot;
    & == &amp;
    ' == &apos;
    < == &lt;
    > == &gt;
-->

<configuration>
    <oatconfig>
        <licensefile>LICENSE</licensefile>
        <policylist>
            <policy name="projectPolicy" desc="">
                <!--policyitem type="compatibility" name="GPL-2.0+" path="abc/.*" desc="Process that runs independently, invoked by the X process."/-->
                <!--policyitem type="license" name="LGPL" path=".*" desc="Dynamically linked by module X"/-->
                <policyitem type="copyright" name="Huawei Technologies Co., Ltd." path=".*" rule="may" group="defaultGroup" filefilter="copyrightPolicyFilter" desc="Developed by Huawei Technologies"/>
                <policyitem type="copyright" name="Huawei Device Co., Ltd." path=".*" rule="may" group="defaultGroup" filefilter="copyrightPolicyFilter" desc="Developed by Huawei Device"/>
                <policyitem type="copyright" name="Rockchip Electronics Co., Ltd." path=".*" rule="may" group="defaultGroup" filefilter="copyrightPolicyFilter" desc="Developed By Rockchip"/>
                <policyitem type="copyright" name="HiHope Open Source Organization ." path=".*" rule="may" group="defaultGroup" filefilter="copyrightPolicyFilter" desc="Developed By Hihope"/>
                <policyitem type="copyright" name="Institute of Software, CAS." path=".*" rule="may" group="defaultGroup" filefilter="copyrightPolicyFilter" desc="Developed By ISCAS"/>           
                <policyitem type="license" name="GPL" path=".*" desc="linux kernel adapter codes"/>
                <policyitem type="license" name="BSD" path=".*" desc="huawei codes"/>
	        </policy>
        </policylist>
        <filefilterlist>
            <filefilter name="defaultFilter" desc="Files not to check">
                <filteritem type="filepath" name="LICENSE-Apache" desc="license file"/>
                <filteritem type="filepath" name="LICENSE-GPL-2.0" desc="license file"/>
                <filteritem type="filepath" name="rk3568/cfg/fstab.rk3568" desc="配置文件，不能加其他注释"/>
                <filteritem type="filepath" name="dayu210/cfg/fstab.dayu210" desc="配置文件，不能加其他注释"/>
                <filteritem type="filepath" name="rk3568/cfg/fstab.required" desc="配置文件，不能加其他注释"/>
                <filteritem type="filepath" name="dayu210/cfg/fstab.required" desc="配置文件，不能加其他注释"/>
                <filteritem type="filepath" name="rk3568/loader/*" desc="mirror image file"/>
                <filteritem type="filepath" name="dayu210/loader/*" desc="mirror image file"/>
                <filteritem type="filepath" name="rk3568/bootanimation/*" desc="raw files"/>
                <filteritem type="filepath" name="dayu210/bootanimation/*" desc="raw files"/>
                <filteritem type="filepath" name="rk3568/updater/config/fstab.updater" desc="配置文件，不能加其他注释"/>
                <filteritem type="filepath" name="dayu210/updater/config/fstab.updater" desc="配置文件，不能加其他注释"/>
                <filteritem type="filename" name="*.pdf" desc="desc files"/>
                <!--filteritem type="filename" name="*.uvwxyz" desc="Describe the reason for filtering scan results"/-->
                <!--filteritem type="filepath" name="abcdefg/.*.uvwxyz" desc="Describe the reason for filtering scan results"/-->
		<!--filteritem type="filepath" name="projectroot/[a-zA-Z0-9]{20,}.sh" desc="Temp files"/-->
            </filefilter>
            <filefilter name="defaultPolicyFilter" desc="Filters for compatibility，license header policies">
                <!--filteritem type="filename" name="*.uvwxyz" desc="Describe the reason for filtering scan results"/-->
                <!--filteritem type="filepath" name="abcdefg/.*.uvwxyz" desc="Describe the reason for filtering scan results"/-->
                <!--filteritem type="filepath" name="projectroot/[a-zA-Z0-9]{20,}.sh" desc="Temp files"/-->
            </filefilter>
            <filefilter name="copyrightPolicyFilter" desc="Filters for copyright header policies">
                <!--filteritem type="filename" name="*.uvwxyz" desc="Describe the reason for filtering scan results"/-->
                <!--filteritem type="filepath" name="abcdefg/.*.uvwxyz" desc="Describe the reason for filtering scan results"/-->
                <!--filteritem type="filepath" name="projectroot/[a-zA-Z0-9]{20,}.sh" desc="Temp files"/-->
            </filefilter>
            <filefilter name="licenseFileNamePolicyFilter" desc="Filters for LICENSE file policies">
                <!--filteritem type="filename" name="*.uvwxyz" desc="Describe the reason for filtering scan results"/-->
                <!--filteritem type="filepath" name="abcdefg/.*.uvwxyz" desc="Describe the reason for filtering scan results"/-->
                <!--filteritem type="filepath" name="projectroot/[a-zA-Z0-9]{20,}.sh" desc="Temp files"/-->
            </filefilter>
            <filefilter name="readmeFileNamePolicyFilter" desc="Filters for README file policies">
                <!--filteritem type="filename" name="*.uvwxyz" desc="Describe the reason for filtering scan results"/-->
                <!--filteritem type="filepath" name="projectroot/[a-zA-Z0-9]{20,}.sh" desc="Temp files"/-->
            </filefilter>
            <filefilter name="readmeOpenSourcefileNamePolicyFilter" desc="Filters for README.OpenSource file policies">
                <!--filteritem type="filename" name="*.uvwxyz" desc="Describe the reason for filtering scan results"/-->
                <!--filteritem type="filepath" name="abcdefg/.*.uvwxyz" desc="Describe the reason for filtering scan results"/-->
                <!--filteritem type="filepath" name="projectroot/[a-zA-Z0-9]{20,}.sh" desc="Temp files"/-->
            </filefilter>
            <filefilter name="binaryFileTypePolicyFilter" desc="Filters for binary file policies">
                <filteritem type="filepath" name="rk3568/loader/*" desc="rk3568 uboot image"/>
                <filteritem type="filepath" name="dayu210/loader/*" desc="rk3588 uboot image"/>
                <filteritem type="filename" name="*.png" desc="png"/>
                <filteritem type="filename" name="*.jpg" desc="jpg"/>
                <filteritem type="filename" name="*.bmp" desc="bmp"/>
                <!--filteritem type="filename" name="*.uvwxyz" desc="Describe the reason for filtering scan results"/-->
                <!--filteritem type="filepath" name="abcdefg/.*.uvwxyz" desc="Describe the reason for filtering scan results"/-->
                <!--filteritem type="filepath" name="projectroot/[a-zA-Z0-9]{20,}.sh" desc="Temp files"/-->
            </filefilter>

        </filefilterlist>
        <licensematcherlist>
            <!--licensematcher name="uvwxyz License" desc="If the scanning result is InvalidLicense, you can define matching rules here. Note that quotation marks must be escaped.">
                <licensetext name="
                    uvwxyz license textA xxxxxxxxxxxxxxxxxxxxxxxxxxxxxx
				 " desc=""/>
                <licensetext name="
                    uvwxyz license textB xxxxxxxxxxxxxxxxxxxxxxxxxxxxxx
				 " desc=""/>
            </licensematcher-->
        </licensematcherlist>
    </oatconfig>
</configuration>
